{
  "overall_metrics": {
    "accuracy": 0.8524590163934426,
    "balanced_accuracy": 0.8555194805194806,
    "macro_precision": 0.853225806451613,
    "macro_recall": 0.8555194805194806,
    "macro_f1": 0.8523002421307506,
    "weighted_precision": 0.8570597567424643,
    "weighted_recall": 0.8524590163934426,
    "weighted_f1": 0.8526971777874807
  },
  "per_class": {
    "0.0": {
      "precision": 0.9,
      "recall": 0.8181818181818182,
      "f1-score": 0.8571428571428571,
      "support": 33.0
    },
    "1.0": {
      "precision": 0.8064516129032258,
      "recall": 0.8928571428571429,
      "f1-score": 0.847457627118644,
      "support": 28.0
    },
    "accuracy": 0.8524590163934426,
    "macro avg": {
      "precision": 0.853225806451613,
      "recall": 0.8555194805194806,
      "f1-score": 0.8523002421307506,
      "support": 61.0
    },
    "weighted avg": {
      "precision": 0.8570597567424643,
      "recall": 0.8524590163934426,
      "f1-score": 0.8526971777874807,
      "support": 61.0
    }
  },
  "false_positive_counts": {
    "0.0": 3,
    "1.0": 6
  },
  "false_negative_counts": {
    "0.0": 6,
    "1.0": 3
  },
  "binary_error_terms": {
    "positive_label": "1.0",
    "false_positive_type_i_error": 6,
    "false_negative_type_ii_error": 3
  },
  "most_confused_class_pairs": []
}