,sum_sq,df,F,PR(>F)
C(entanglement),0.38987486305298197,2.0,0.30511374292960475,0.7430803170943071
C(paulis),22.915573985120798,1.0,35.86718310192944,9.069353600834652e-05
Residual,7.027909415690044,11.0,,
