,sum_sq,df,F,PR(>F)
C(entanglement),0.0006430144150020215,2.0,0.2122906504814914,0.8119665889280745
C(paulis),0.00026016793495555184,1.0,0.17178843539912494,0.6864948921941724
Residual,0.016659138188563117,11.0,,
