,sum_sq,df,F,PR(>F)
C(entanglement),0.0006858710562414179,2.0,0.2222222222222192,0.8042458608095491
C(paulis),0.00025720164609054953,1.0,0.16666666666667598,0.6909255581402616
Residual,0.01697530864197532,11.0,,
