,sum_sq,df,F,PR(>F)
C(entanglement),4.33307611475865e-05,1.0,0.017664345355846073,0.8969031316085152
C(paulis),0.04107723363185895,3.0,5.581888569989171,0.0164001685311088
Residual,0.024530069059845484,10.0,,
