,sum_sq,df,F,PR(>F)
C(entanglement),0.002194750515094491,1.0,0.7561728395061662,0.40491774681930726
C(paulis),0.01648302427662813,3.0,1.8930041152263344,0.19471972133844512
Residual,0.029024455791453928,10.0,,
