,sum_sq,df,F,PR(>F)
C(entanglement),0.02846344780658764,1.0,0.01484506594056472,0.9054391241209513
C(paulis),243.33273624146076,3.0,42.30326721190457,5.453528217760135e-06
Residual,19.173675563683528,10.0,,
