{
  "overall_metrics": {
    "accuracy": 0.9333333333333333,
    "balanced_accuracy": 0.9333333333333332,
    "macro_precision": 0.9333333333333332,
    "macro_recall": 0.9333333333333332,
    "macro_f1": 0.9333333333333332,
    "weighted_precision": 0.9333333333333333,
    "weighted_recall": 0.9333333333333333,
    "weighted_f1": 0.9333333333333333
  },
  "per_class": {
    "setosa": {
      "precision": 1.0,
      "recall": 1.0,
      "f1-score": 1.0,
      "support": 10.0
    },
    "versicolor": {
      "precision": 0.9,
      "recall": 0.9,
      "f1-score": 0.9,
      "support": 10.0
    },
    "virginica": {
      "precision": 0.9,
      "recall": 0.9,
      "f1-score": 0.9,
      "support": 10.0
    },
    "accuracy": 0.9333333333333333,
    "macro avg": {
      "precision": 0.9333333333333332,
      "recall": 0.9333333333333332,
      "f1-score": 0.9333333333333332,
      "support": 30.0
    },
    "weighted avg": {
      "precision": 0.9333333333333333,
      "recall": 0.9333333333333333,
      "f1-score": 0.9333333333333333,
      "support": 30.0
    }
  },
  "false_positive_counts": {
    "setosa": 0,
    "versicolor": 1,
    "virginica": 1
  },
  "false_negative_counts": {
    "setosa": 0,
    "versicolor": 1,
    "virginica": 1
  },
  "binary_error_terms": null,
  "most_confused_class_pairs": [
    {
      "actual": "versicolor",
      "predicted": "virginica",
      "count": 1
    },
    {
      "actual": "virginica",
      "predicted": "versicolor",
      "count": 1
    }
  ]
}