{
  "accuracy": 0.9333333333333333,
  "balanced_accuracy": 0.9333333333333332,
  "macro_precision": 0.9333333333333332,
  "macro_recall": 0.9333333333333332,
  "macro_f1": 0.9333333333333332,
  "weighted_precision": 0.9333333333333333,
  "weighted_recall": 0.9333333333333333,
  "weighted_f1": 0.9333333333333333,
  "test_sample_count": 30,
  "accuracy_correct_count": 28,
  "accuracy_wilson_95_low": 0.7867654163738308,
  "accuracy_wilson_95_high": 0.9815229762087295,
  "macro_f1_bootstrap_95_low": 0.8222222222222223,
  "macro_f1_bootstrap_95_high": 1.0
}