{
  "gpu_available": true,
  "gpu_error_message": null,
  "phase_summaries": {
    "preprocessing": {
      "duration_seconds": 0.020679492998169735,
      "peak_cpu_percent": 102.5,
      "average_cpu_percent": 51.25,
      "peak_ram_mb": 207.8515625,
      "average_ram_mb": 207.4140625,
      "peak_system_ram_percent": 16.6,
      "average_system_ram_percent": 16.6,
      "peak_gpu_memory_mb": 2214.53515625,
      "average_gpu_utilization_percent": 2.0,
      "sample_count": 2
    },
    "classical_svm_grid_search": {
      "duration_seconds": 5.277565207001317,
      "peak_cpu_percent": 112.8,
      "average_cpu_percent": 91.03333333333332,
      "peak_ram_mb": 212.8828125,
      "average_ram_mb": 211.53385416666666,
      "peak_system_ram_percent": 16.6,
      "average_system_ram_percent": 16.599999999999998,
      "peak_gpu_memory_mb": 2214.53515625,
      "average_gpu_utilization_percent": 1.3333333333333333,
      "sample_count": 6
    },
    "classical_svm_final_training": {
      "duration_seconds": 0.006414198000129545,
      "peak_cpu_percent": 209.1,
      "average_cpu_percent": 104.55,
      "peak_ram_mb": 213.1015625,
      "average_ram_mb": 213.1015625,
      "peak_system_ram_percent": 16.6,
      "average_system_ram_percent": 16.6,
      "peak_gpu_memory_mb": 2214.53515625,
      "average_gpu_utilization_percent": 0.0,
      "sample_count": 2
    },
    "final_evaluation": {
      "duration_seconds": 12.333973885997693,
      "peak_cpu_percent": 101.2,
      "average_cpu_percent": 80.03333333333335,
      "peak_ram_mb": 545.74609375,
      "average_ram_mb": 501.39348958333335,
      "peak_system_ram_percent": 18.1,
      "average_system_ram_percent": 17.9,
      "peak_gpu_memory_mb": 2482.23828125,
      "average_gpu_utilization_percent": 21.6,
      "sample_count": 15
    },
    "qsvm_optuna_search": {
      "duration_seconds": 537.0667595230007,
      "peak_cpu_percent": 150.4,
      "average_cpu_percent": 99.60119760479041,
      "peak_ram_mb": 544.21484375,
      "average_ram_mb": 542.8997239895209,
      "peak_system_ram_percent": 18.1,
      "average_system_ram_percent": 18.099999999999998,
      "peak_gpu_memory_mb": 2485.17578125,
      "average_gpu_utilization_percent": 20.25948103792415,
      "sample_count": 501
    },
    "qsvm_confirmation_phase": {
      "duration_seconds": 448.1402361469991,
      "peak_cpu_percent": 243.1,
      "average_cpu_percent": 100.47344497607658,
      "peak_ram_mb": 545.30859375,
      "average_ram_mb": 545.1201966208134,
      "peak_system_ram_percent": 18.2,
      "average_system_ram_percent": 18.10071770334928,
      "peak_gpu_memory_mb": 2482.23828125,
      "average_gpu_utilization_percent": 24.466507177033492,
      "sample_count": 418
    },
    "qsvm_final_training": {
      "duration_seconds": 31.31830042299771,
      "peak_cpu_percent": 101.9,
      "average_cpu_percent": 96.54838709677419,
      "peak_ram_mb": 545.74609375,
      "average_ram_mb": 545.74609375,
      "peak_system_ram_percent": 18.2,
      "average_system_ram_percent": 18.106451612903232,
      "peak_gpu_memory_mb": 2482.23828125,
      "average_gpu_utilization_percent": 23.419354838709676,
      "sample_count": 31
    }
  },
  "warnings": [
    "preprocessing: CPU saturation likely occurred.",
    "preprocessing: GPU was available but mostly idle.",
    "classical_svm_grid_search: CPU saturation likely occurred.",
    "classical_svm_grid_search: GPU was available but mostly idle.",
    "classical_svm_final_training: CPU saturation likely occurred.",
    "classical_svm_final_training: GPU was available but mostly idle.",
    "final_evaluation: CPU saturation likely occurred.",
    "qsvm_optuna_search: CPU saturation likely occurred.",
    "qsvm_confirmation_phase: CPU saturation likely occurred.",
    "qsvm_final_training: CPU saturation likely occurred."
  ]
}