component,numeric__age,numeric__sex,numeric__cp,numeric__trestbps,numeric__chol,numeric__fbs,numeric__restecg,numeric__thalach,numeric__exang,numeric__oldpeak,numeric__slope,numeric__ca,numeric__thal
component_1,0.2857579136058757,0.12245625804783267,0.27294200039684496,0.16656845866897352,0.08741478043905204,0.09068914883791923,0.14088514136732422,-0.3955495772417085,0.336746904349759,0.3977395260182113,0.3577614905149862,0.28633634435595245,0.35686627980412805
component_2,0.41602974549920096,-0.43947204752162294,-0.1412724102064737,0.3672893040422495,0.46474290887249925,0.17433827324637208,0.25740062470932706,0.07432989278751051,-0.251147707890318,-0.05769440648496246,-0.052469339462778986,0.1985113332849597,-0.2284750038512692
component_3,0.07310018945651461,-0.4356731606372985,0.4625098345668638,-0.42816058474724994,0.19487609618595486,-0.417381487636298,-0.15103273610652182,-0.2790753527734212,0.13600953340107258,-0.11693344746821849,-0.08950908209607679,0.07361392908947191,-0.2216474145247449
component_4,-0.07049325014401292,-0.30983939399069244,-0.28744641847084906,0.10884924936478457,-0.11578664620857378,-0.39757703266394057,0.10034012921922131,-0.08691572029962621,-0.09068882790258154,0.32288018600264884,0.5355842083183079,-0.44717248846504415,-0.12716274638498967
