{
  "overall_metrics": {
    "accuracy": 0.9444444444444444,
    "balanced_accuracy": 0.942857142857143,
    "macro_precision": 0.9505494505494506,
    "macro_recall": 0.942857142857143,
    "macro_f1": 0.9453132832080201,
    "weighted_precision": 0.9465811965811967,
    "weighted_recall": 0.9444444444444444,
    "weighted_f1": 0.944269005847953
  },
  "per_class": {
    "class_0": {
      "precision": 0.9230769230769231,
      "recall": 1.0,
      "f1-score": 0.96,
      "support": 12.0
    },
    "class_1": {
      "precision": 0.9285714285714286,
      "recall": 0.9285714285714286,
      "f1-score": 0.9285714285714286,
      "support": 14.0
    },
    "class_2": {
      "precision": 1.0,
      "recall": 0.9,
      "f1-score": 0.9473684210526315,
      "support": 10.0
    },
    "accuracy": 0.9444444444444444,
    "macro avg": {
      "precision": 0.9505494505494506,
      "recall": 0.942857142857143,
      "f1-score": 0.9453132832080201,
      "support": 36.0
    },
    "weighted avg": {
      "precision": 0.9465811965811967,
      "recall": 0.9444444444444444,
      "f1-score": 0.944269005847953,
      "support": 36.0
    }
  },
  "false_positive_counts": {
    "class_0": 1,
    "class_1": 1,
    "class_2": 0
  },
  "false_negative_counts": {
    "class_0": 0,
    "class_1": 1,
    "class_2": 1
  },
  "binary_error_terms": null,
  "most_confused_class_pairs": [
    {
      "actual": "class_1",
      "predicted": "class_0",
      "count": 1
    },
    {
      "actual": "class_2",
      "predicted": "class_1",
      "count": 1
    }
  ]
}