{
  "reduction_method": "PCA",
  "quantum_feature_count": 4,
  "explained_variance_ratio": [
    0.35792104397925295,
    0.1927067138940597,
    0.11019835034781317,
    0.07272275716907618
  ],
  "pca_component_count": 4,
  "components": [
    [
      0.14437333795116117,
      -0.23374469982464913,
      0.0070651083658336,
      -0.22359010185876255,
      0.1518443877921164,
      0.39439159291725345,
      0.4295060030281152,
      -0.2914043511457959,
      0.3133489574219656,
      -0.09640987941605147,
      0.2968595944852381,
      0.38316218565803223,
      0.28993558369575895
    ],
    [
      0.48694680274776825,
      0.22289583344467512,
      0.31157842388583246,
      -0.03897024929782408,
      0.296437703858182,
      0.07626637044362405,
      -0.002533957628017003,
      0.02082940466099939,
      0.010904018027947937,
      0.524428522110758,
      -0.29752402017849855,
      -0.17026266508331261,
      0.35751114315387855
    ],
    [
      -0.15569954392486218,
      0.06354546346233111,
      0.6384704153735886,
      0.6406902892068909,
      0.10018241486909689,
      0.14420428710541397,
      0.10002900677206752,
      0.18497553276128126,
      0.1563642304038996,
      -0.13309434521522048,
      0.11983752721961762,
      0.11586375446953522,
      -0.09267494651167811
    ],
    [
      -0.20988404414896866,
      0.501840370361045,
      -0.19895738090677556,
      0.08732154519160001,
      0.26768797816294293,
      0.04492907110105253,
      0.05077207586080794,
      -0.4584369137326054,
      0.3765930569705206,
      -0.0451120280460264,
      -0.38035231117109597,
      0.06777415682465508,
      -0.27813578301516295
    ]
  ],
  "input_feature_names": [
    "numeric__alcohol",
    "numeric__malic_acid",
    "numeric__ash",
    "numeric__alcalinity_of_ash",
    "numeric__magnesium",
    "numeric__total_phenols",
    "numeric__flavanoids",
    "numeric__nonflavanoid_phenols",
    "numeric__proanthocyanins",
    "numeric__color_intensity",
    "numeric__hue",
    "numeric__od280/od315_of_diluted_wines",
    "numeric__proline"
  ]
}