{
  "accuracy": 0.9722222222222222,
  "balanced_accuracy": 0.9666666666666667,
  "macro_precision": 0.9777777777777779,
  "macro_recall": 0.9666666666666667,
  "macro_f1": 0.9709618874773139,
  "weighted_precision": 0.974074074074074,
  "weighted_recall": 0.9722222222222222,
  "weighted_f1": 0.9719701552732407
}