{
  "gpu_available": true,
  "gpu_error_message": null,
  "phase_summaries": {
    "preprocessing": {
      "duration_seconds": 0.021879784995689988,
      "peak_cpu_percent": 48.8,
      "average_cpu_percent": 24.4,
      "peak_ram_mb": 212.14453125,
      "average_ram_mb": 210.72265625,
      "peak_system_ram_percent": 16.6,
      "average_system_ram_percent": 16.6,
      "peak_gpu_memory_mb": 2583.890625,
      "average_gpu_utilization_percent": 2.0,
      "sample_count": 2
    },
    "classical_svm_grid_search": {
      "duration_seconds": 5.9128447949988185,
      "peak_cpu_percent": 113.5,
      "average_cpu_percent": 95.01428571428572,
      "peak_ram_mb": 219.58203125,
      "average_ram_mb": 218.23828125,
      "peak_system_ram_percent": 16.7,
      "average_system_ram_percent": 16.65714285714286,
      "peak_gpu_memory_mb": 2583.890625,
      "average_gpu_utilization_percent": 1.1428571428571428,
      "sample_count": 7
    },
    "classical_svm_final_training": {
      "duration_seconds": 0.005648887999996077,
      "peak_cpu_percent": 218.2,
      "average_cpu_percent": 109.1,
      "peak_ram_mb": 220.01953125,
      "average_ram_mb": 220.01953125,
      "peak_system_ram_percent": 16.7,
      "average_system_ram_percent": 16.7,
      "peak_gpu_memory_mb": 2583.890625,
      "average_gpu_utilization_percent": 1.0,
      "sample_count": 2
    },
    "final_evaluation": {
      "duration_seconds": 21.92505529600021,
      "peak_cpu_percent": 101.5,
      "average_cpu_percent": 87.63333333333333,
      "peak_ram_mb": 552.2421875,
      "average_ram_mb": 524.5569661458334,
      "peak_system_ram_percent": 18.2,
      "average_system_ram_percent": 17.987500000000008,
      "peak_gpu_memory_mb": 2709.48046875,
      "average_gpu_utilization_percent": 24.208333333333332,
      "sample_count": 24
    },
    "qsvm_optuna_search": {
      "duration_seconds": 695.9185809769988,
      "peak_cpu_percent": 194.3,
      "average_cpu_percent": 99.64830769230768,
      "peak_ram_mb": 550.9296875,
      "average_ram_mb": 550.1435336538461,
      "peak_system_ram_percent": 18.2,
      "average_system_ram_percent": 18.102153846153843,
      "peak_gpu_memory_mb": 2806.6953125,
      "average_gpu_utilization_percent": 22.826153846153847,
      "sample_count": 650
    },
    "qsvm_confirmation_phase": {
      "duration_seconds": 629.3295918980002,
      "peak_cpu_percent": 378.0,
      "average_cpu_percent": 100.3993185689949,
      "peak_ram_mb": 552.0234375,
      "average_ram_mb": 551.8982245528109,
      "peak_system_ram_percent": 18.2,
      "average_system_ram_percent": 18.10715502555366,
      "peak_gpu_memory_mb": 2709.48046875,
      "average_gpu_utilization_percent": 26.659284497444634,
      "sample_count": 587
    },
    "qsvm_final_training": {
      "duration_seconds": 40.14118532500288,
      "peak_cpu_percent": 101.8,
      "average_cpu_percent": 97.30769230769229,
      "peak_ram_mb": 552.2421875,
      "average_ram_mb": 552.2421875,
      "peak_system_ram_percent": 18.1,
      "average_system_ram_percent": 18.100000000000005,
      "peak_gpu_memory_mb": 2709.48046875,
      "average_gpu_utilization_percent": 25.384615384615383,
      "sample_count": 39
    }
  },
  "warnings": [
    "preprocessing: GPU was available but mostly idle.",
    "classical_svm_grid_search: CPU saturation likely occurred.",
    "classical_svm_grid_search: GPU was available but mostly idle.",
    "classical_svm_final_training: CPU saturation likely occurred.",
    "classical_svm_final_training: GPU was available but mostly idle.",
    "final_evaluation: CPU saturation likely occurred.",
    "qsvm_optuna_search: CPU saturation likely occurred.",
    "qsvm_confirmation_phase: CPU saturation likely occurred.",
    "qsvm_final_training: CPU saturation likely occurred."
  ]
}