{
  "accuracy": 0.8032786885245902,
  "balanced_accuracy": 0.7938311688311688,
  "macro_precision": 0.8164335664335665,
  "macro_recall": 0.7938311688311688,
  "macro_f1": 0.7966666666666666,
  "weighted_precision": 0.8125644846956324,
  "weighted_recall": 0.8032786885245902,
  "weighted_f1": 0.799672131147541
}