{
  "overall_metrics": {
    "accuracy": 0.8032786885245902,
    "balanced_accuracy": 0.7938311688311688,
    "macro_precision": 0.8164335664335665,
    "macro_recall": 0.7938311688311688,
    "macro_f1": 0.7966666666666666,
    "weighted_precision": 0.8125644846956324,
    "weighted_recall": 0.8032786885245902,
    "weighted_f1": 0.799672131147541
  },
  "per_class": {
    "0.0": {
      "precision": 0.8636363636363636,
      "recall": 0.6785714285714286,
      "f1-score": 0.76,
      "support": 28.0
    },
    "1.0": {
      "precision": 0.7692307692307693,
      "recall": 0.9090909090909091,
      "f1-score": 0.8333333333333334,
      "support": 33.0
    },
    "accuracy": 0.8032786885245902,
    "macro avg": {
      "precision": 0.8164335664335665,
      "recall": 0.7938311688311688,
      "f1-score": 0.7966666666666666,
      "support": 61.0
    },
    "weighted avg": {
      "precision": 0.8125644846956324,
      "recall": 0.8032786885245902,
      "f1-score": 0.799672131147541,
      "support": 61.0
    }
  },
  "false_positive_counts": {
    "0.0": 3,
    "1.0": 9
  },
  "false_negative_counts": {
    "0.0": 9,
    "1.0": 3
  },
  "binary_error_terms": {
    "positive_label": "1.0",
    "false_positive_type_i_error": 9,
    "false_negative_type_ii_error": 3
  },
  "most_confused_class_pairs": []
}