{
  "reduction_method": "PCA",
  "quantum_feature_count": 4,
  "explained_variance_ratio": [
    0.22234910941159797,
    0.12029134324799037,
    0.09826737458578244,
    0.0875680816765458
  ],
  "pca_component_count": 4,
  "components": [
    [
      -0.2996239627441507,
      -0.081078857920727,
      0.2740342170769673,
      -0.19392252197338483,
      -0.13167818046609167,
      -0.06638257545892678,
      0.12706723770411835,
      0.41394808924365034,
      -0.3545404430026492,
      -0.4124048880938186,
      0.40365709493911683,
      -0.26214361287578797,
      -0.23296151732456769
    ],
    [
      0.422489361187209,
      -0.460339572284282,
      0.16640776812939623,
      0.4095095091591307,
      0.4638968792637114,
      0.14384972984734212,
      -0.20140684147464608,
      0.025207839985867786,
      -0.19539359256388542,
      -0.12211853008076023,
      0.130256019544422,
      0.07925479911096459,
      -0.2465114174152918
    ],
    [
      0.0012662365573519931,
      0.4599310390560983,
      0.17464155769825768,
      0.20664703242816118,
      -0.15046095840033333,
      0.5902947159644667,
      -0.33725733569119043,
      0.26448991444765046,
      -0.08860620898763771,
      -0.07420914420045677,
      0.11961873810402485,
      0.2830278739217751,
      0.22957332592082572
    ],
    [
      -0.06419244125625105,
      -0.08823426178348824,
      0.5393831844247355,
      0.1961283283522697,
      -0.30216932861720075,
      0.18285565640949822,
      0.11224756660307246,
      -0.05927932128855631,
      -0.1905424358107384,
      0.36918807288520816,
      -0.47156985893250625,
      -0.2941315286125288,
      -0.19062978610135772
    ]
  ],
  "input_feature_names": [
    "numeric__age",
    "numeric__sex",
    "numeric__cp",
    "numeric__trestbps",
    "numeric__chol",
    "numeric__fbs",
    "numeric__restecg",
    "numeric__thalach",
    "numeric__exang",
    "numeric__oldpeak",
    "numeric__slope",
    "numeric__ca",
    "numeric__thal"
  ]
}