,sum_sq,df,F,PR(>F)
C(reps),0.015466342409966258,1.0,17.191484284261467,0.001991851824067208
C(entanglement),0.00017637573004813175,1.0,0.19604897595527984,0.6673530932664368
C(paulis),0.0014200270916667973,2.0,0.7892096522408663,0.4805666559418556
Residual,0.008996513712388087,10.0,,
