,sum_sq,df,F,PR(>F)
C(reps),0.014999999999999961,1.0,16.874999999999947,0.002117584841742214
C(entanglement),0.00018518518518517255,1.0,0.208333333333319,0.6578298192773806
C(paulis),0.0014814814814815157,2.0,0.8333333333333521,0.46266436603795297
Residual,0.008888888888888894,10.0,,
