{
  "overall_metrics": {
    "accuracy": 0.9298245614035088,
    "balanced_accuracy": 0.9097222222222223,
    "macro_precision": 0.9412393162393162,
    "macro_recall": 0.9097222222222223,
    "macro_f1": 0.9220512820512821,
    "weighted_precision": 0.9330859199280251,
    "weighted_recall": 0.9298245614035088,
    "weighted_f1": 0.9285290148448043
  },
  "per_class": {
    "benign": {
      "precision": 0.9102564102564102,
      "recall": 0.9861111111111112,
      "f1-score": 0.9466666666666667,
      "support": 72.0
    },
    "malignant": {
      "precision": 0.9722222222222222,
      "recall": 0.8333333333333334,
      "f1-score": 0.8974358974358975,
      "support": 42.0
    },
    "accuracy": 0.9298245614035088,
    "macro avg": {
      "precision": 0.9412393162393162,
      "recall": 0.9097222222222223,
      "f1-score": 0.9220512820512821,
      "support": 114.0
    },
    "weighted avg": {
      "precision": 0.9330859199280251,
      "recall": 0.9298245614035088,
      "f1-score": 0.9285290148448043,
      "support": 114.0
    }
  },
  "false_positive_counts": {
    "benign": 7,
    "malignant": 1
  },
  "false_negative_counts": {
    "benign": 1,
    "malignant": 7
  },
  "binary_error_terms": {
    "positive_label": "malignant",
    "false_positive_type_i_error": 1,
    "false_negative_type_ii_error": 7
  },
  "most_confused_class_pairs": []
}