{
  "reduction_method": "PCA",
  "quantum_feature_count": 4,
  "explained_variance_ratio": [
    0.44593522202270636,
    0.18545255453685283,
    0.09584641206459545,
    0.06593768249233614
  ],
  "pca_component_count": 4,
  "components": [
    [
      0.21705743069068248,
      0.10189972790027246,
      0.22580437565786596,
      0.2190786810466716,
      0.1485884158541768,
      0.2419282713697345,
      0.2577613706592246,
      0.26038281391146545,
      0.1420862557096626,
      0.07159264283528073,
      0.204691203695432,
      0.02020948535903644,
      0.21007052879038696,
      0.19992631408658626,
      0.023164599577752607,
      0.17533893994799227,
      0.1507961740655521,
      0.18448273192036863,
      0.05039776139541477,
      0.10699963140861399,
      0.22660729119613549,
      0.10417565959217269,
      0.23549381525731344,
      0.22310803689828917,
      0.12996779186902258,
      0.2103014913420657,
      0.22632193931411446,
      0.24936697384083345,
      0.122964478036459,
      0.13351317906595692
    ],
    [
      -0.23977589989352102,
      -0.06153336351560218,
      -0.22094887560803872,
      -0.23692514696173672,
      0.1770625353893931,
      0.13992119148437956,
      0.06008892184681741,
      -0.04053274343407644,
      0.19361157274559565,
      0.36664780162053945,
      -0.11026991377376202,
      0.075842330300578,
      -0.09441536338731162,
      -0.15713007049551472,
      0.19053459301114134,
      0.22403528051416935,
      0.20201866864845197,
      0.13331258663107862,
      0.17413218291728425,
      0.27620347835983794,
      -0.2230831545614229,
      -0.04707046380837291,
      -0.20236482896809388,
      -0.2237337668386464,
      0.16898182133462578,
      0.14221728476314452,
      0.10454670504055262,
      -0.006524742649758997,
      0.15077245915481027,
      0.27747054378077407
    ],
    [
      -0.008310606554013509,
      0.042622039669784534,
      -0.008682323672497522,
      0.026773669570854874,
      -0.12374661312782924,
      -0.07238982003004822,
      0.0062435172677581,
      -0.033120114933039776,
      -0.031526473602357115,
      -0.024754370219514335,
      0.2616008556105176,
      0.3652493849039933,
      0.2602871364660926,
      0.21208820296291128,
      0.29699709298030486,
      0.16910456321652742,
      0.19578318707123496,
      0.22836335919049633,
      0.2951812769142205,
      0.2241800657184333,
      -0.051765392503009586,
      -0.0650056536919878,
      -0.05192038973681042,
      -0.018463089022274854,
      -0.27340548638631934,
      -0.23202283754810485,
      -0.16684000826218007,
      -0.17377640719733134,
      -0.2582273415209434,
      -0.2270186971227432
    ],
    [
      -0.03401930153917935,
      0.6045671549611117,
      -0.034811374390206276,
      -0.04975997918033802,
      -0.1723194031990219,
      -0.026918989070428986,
      -0.018772350422519256,
      -0.06659668372226214,
      -0.06025879611838398,
      -0.04772760225720553,
      -0.10182329096220188,
      0.3654453267832356,
      -0.09177182738903725,
      -0.1153487522514772,
      -0.05155894776986419,
      0.038398652248876154,
      0.008924284475783466,
      -0.050396754679232034,
      -0.0522837286396489,
      0.006080429895931548,
      -0.014340479677699386,
      0.6253073793422264,
      -0.011821349532675857,
      -0.02855416830424351,
      -0.04610613052900183,
      0.0869426197814116,
      0.07072027884506245,
      -0.01227782291579102,
      0.023137280336386123,
      0.07633745413316394
    ]
  ],
  "input_feature_names": [
    "numeric__mean radius",
    "numeric__mean texture",
    "numeric__mean perimeter",
    "numeric__mean area",
    "numeric__mean smoothness",
    "numeric__mean compactness",
    "numeric__mean concavity",
    "numeric__mean concave points",
    "numeric__mean symmetry",
    "numeric__mean fractal dimension",
    "numeric__radius error",
    "numeric__texture error",
    "numeric__perimeter error",
    "numeric__area error",
    "numeric__smoothness error",
    "numeric__compactness error",
    "numeric__concavity error",
    "numeric__concave points error",
    "numeric__symmetry error",
    "numeric__fractal dimension error",
    "numeric__worst radius",
    "numeric__worst texture",
    "numeric__worst perimeter",
    "numeric__worst area",
    "numeric__worst smoothness",
    "numeric__worst compactness",
    "numeric__worst concavity",
    "numeric__worst concave points",
    "numeric__worst symmetry",
    "numeric__worst fractal dimension"
  ]
}