label,precision,recall,f1-score,support
0.0,0.8636363636363636,0.6785714285714286,0.76,28.0
1.0,0.7692307692307693,0.9090909090909091,0.8333333333333334,33.0
accuracy,0.8032786885245902,0.8032786885245902,0.8032786885245902,0.8032786885245902
macro avg,0.8164335664335665,0.7938311688311688,0.7966666666666666,61.0
weighted avg,0.8125644846956324,0.8032786885245902,0.799672131147541,61.0
