,sum_sq,df,F,PR(>F)
C(reps),0.0021194939576408764,1.0,4.167755528192586,0.06847440884927782
C(entanglement),8.725062335155814e-05,2.0,0.085784454940475,0.9184600519615391
C(paulis),0.0028484802051621703,1.0,5.601228104101687,0.0394996570067621
Residual,0.005085456532427728,10.0,,
