,sum_sq,df,F,PR(>F)
C(reps),707.2341697089494,1.0,723.1520975278131,1.1684580305646338e-10
C(entanglement),9.661546245137972,2.0,4.939500756452973,0.032212702832549046
C(paulis),4114.562384942368,1.0,4207.170052748745,1.8468199245951837e-14
Residual,9.77988132962234,10.0,,
