{
  "overall_metrics": {
    "accuracy": 0.819672131147541,
    "balanced_accuracy": 0.827922077922078,
    "macro_precision": 0.832967032967033,
    "macro_recall": 0.827922077922078,
    "macro_f1": 0.8194780737153619,
    "weighted_precision": 0.8403530895334175,
    "weighted_recall": 0.819672131147541,
    "weighted_f1": 0.818992930134914
  },
  "per_class": {
    "0.0": {
      "precision": 0.9230769230769231,
      "recall": 0.7272727272727273,
      "f1-score": 0.8135593220338984,
      "support": 33.0
    },
    "1.0": {
      "precision": 0.7428571428571429,
      "recall": 0.9285714285714286,
      "f1-score": 0.8253968253968254,
      "support": 28.0
    },
    "accuracy": 0.819672131147541,
    "macro avg": {
      "precision": 0.832967032967033,
      "recall": 0.827922077922078,
      "f1-score": 0.8194780737153619,
      "support": 61.0
    },
    "weighted avg": {
      "precision": 0.8403530895334175,
      "recall": 0.819672131147541,
      "f1-score": 0.818992930134914,
      "support": 61.0
    }
  },
  "false_positive_counts": {
    "0.0": 2,
    "1.0": 9
  },
  "false_negative_counts": {
    "0.0": 9,
    "1.0": 2
  },
  "binary_error_terms": {
    "positive_label": "1.0",
    "false_positive_type_i_error": 9,
    "false_negative_type_ii_error": 2
  },
  "most_confused_class_pairs": []
}