{
  "reduction_method": "PCA",
  "quantum_feature_count": 4,
  "explained_variance_ratio": [
    0.35792104397925306,
    0.1927067138940597,
    0.11019835034781311,
    0.0727227571690762
  ],
  "pca_component_count": 4,
  "components": [
    [
      0.14437333795116092,
      -0.23374469982464952,
      0.007065108365833496,
      -0.22359010185876232,
      0.15184438779211631,
      0.3943915929172534,
      0.4295060030281153,
      -0.29140435114579605,
      0.3133489574219658,
      -0.09640987941605204,
      0.2968595944852384,
      0.3831621856580324,
      0.28993558369575856
    ],
    [
      0.48694680274776875,
      0.22289583344467445,
      0.3115784238858322,
      -0.03897024929782411,
      0.29643770385818163,
      0.07626637044362419,
      -0.002533957628017003,
      0.02082940466099946,
      0.010904018027947826,
      0.5244285221107574,
      -0.29752402017849844,
      -0.17026266508331256,
      0.3575111431538782
    ],
    [
      -0.15569954392486232,
      0.06354546346233136,
      0.6384704153735892,
      0.6406902892068911,
      0.10018241486909796,
      0.14420428710541328,
      0.10002900677206752,
      0.18497553276128076,
      0.1563642304038997,
      -0.1330943452152206,
      0.11983752721961742,
      0.11586375446953533,
      -0.09267494651167864
    ],
    [
      -0.20988404414896747,
      0.5018403703610456,
      -0.19895738090677567,
      0.08732154519159968,
      0.26768797816294065,
      0.044929071101053375,
      0.050772075860808674,
      -0.4584369137326058,
      0.3765930569705197,
      -0.04511202804602671,
      -0.3803523111710968,
      0.06777415682465504,
      -0.27813578301516295
    ]
  ],
  "input_feature_names": [
    "numeric__alcohol",
    "numeric__malic_acid",
    "numeric__ash",
    "numeric__alcalinity_of_ash",
    "numeric__magnesium",
    "numeric__total_phenols",
    "numeric__flavanoids",
    "numeric__nonflavanoid_phenols",
    "numeric__proanthocyanins",
    "numeric__color_intensity",
    "numeric__hue",
    "numeric__od280/od315_of_diluted_wines",
    "numeric__proline"
  ]
}