{
  "overall_metrics": {
    "accuracy": 0.9722222222222222,
    "balanced_accuracy": 0.9666666666666667,
    "macro_precision": 0.9777777777777779,
    "macro_recall": 0.9666666666666667,
    "macro_f1": 0.9709618874773139,
    "weighted_precision": 0.974074074074074,
    "weighted_recall": 0.9722222222222222,
    "weighted_f1": 0.9719701552732407
  },
  "per_class": {
    "class_0": {
      "precision": 1.0,
      "recall": 1.0,
      "f1-score": 1.0,
      "support": 12.0
    },
    "class_1": {
      "precision": 0.9333333333333333,
      "recall": 1.0,
      "f1-score": 0.9655172413793104,
      "support": 14.0
    },
    "class_2": {
      "precision": 1.0,
      "recall": 0.9,
      "f1-score": 0.9473684210526315,
      "support": 10.0
    },
    "accuracy": 0.9722222222222222,
    "macro avg": {
      "precision": 0.9777777777777779,
      "recall": 0.9666666666666667,
      "f1-score": 0.9709618874773139,
      "support": 36.0
    },
    "weighted avg": {
      "precision": 0.974074074074074,
      "recall": 0.9722222222222222,
      "f1-score": 0.9719701552732407,
      "support": 36.0
    }
  },
  "false_positive_counts": {
    "class_0": 0,
    "class_1": 1,
    "class_2": 0
  },
  "false_negative_counts": {
    "class_0": 0,
    "class_1": 0,
    "class_2": 1
  },
  "binary_error_terms": null,
  "most_confused_class_pairs": [
    {
      "actual": "class_2",
      "predicted": "class_1",
      "count": 1
    }
  ]
}