,sum_sq,df,F,PR(>F)
C(reps),0.046175784373229,1.0,21.9562174929599,0.0008599736894870214
C(entanglement),0.1426416271145085,2.0,33.91247848830887,3.5027210609045186e-05
C(paulis),0.15400088655087807,3.0,24.408731438752852,6.430789329139254e-05
Residual,0.02103084667841122,10.0,,
