,sum_sq,df,F,PR(>F)
C(reps),0.028935185185185237,1.0,13.392857142857169,0.0043918057956007055
C(entanglement),0.10558127572016443,2.0,24.43452380952377,0.00014143762354192798
C(paulis),0.11282578875171448,3.0,17.40740740740738,0.0002700884340317183
Residual,0.021604938271604934,10.0,,
