component,numeric__alcohol,numeric__malic_acid,numeric__ash,numeric__alcalinity_of_ash,numeric__magnesium,numeric__total_phenols,numeric__flavanoids,numeric__nonflavanoid_phenols,numeric__proanthocyanins,numeric__color_intensity,numeric__hue,numeric__od280/od315_of_diluted_wines,numeric__proline
component_1,-0.1443733379511607,0.23374469982464918,-0.007065108365833426,0.2235901018587626,-0.15184438779211648,-0.39439159291725345,-0.4295060030281153,0.291404351145796,-0.3133489574219656,0.09640987941605161,-0.2968595944852382,-0.3831621856580323,-0.2899355836957588
component_2,-0.48694680274776847,-0.22289583344467487,-0.31157842388583235,0.03897024929782424,-0.29643770385818213,-0.0762663704436242,0.002533957628017057,-0.020829404660999317,-0.010904018027948083,-0.5244285221107579,0.29752402017849877,0.17026266508331278,-0.3575111431538786
component_3,0.1556995439248623,-0.06354546346233042,-0.6384704153735883,-0.6406902892068908,-0.10018241486909832,-0.14420428710541328,-0.10002900677206727,-0.18497553276128126,-0.1563642304038998,0.13309434521522007,-0.11983752721961739,-0.11586375446953484,0.09267494651167824
component_4,-0.20988404414896644,0.5018403703610466,-0.19895738090677567,0.08732154519160051,0.26768797816293755,0.04492907110105434,0.050772075860809326,-0.4584369137326036,0.3765930569705211,-0.04511202804602583,-0.38035231117109697,0.06777415682465635,-0.2781357830151635
