{
  "overall_metrics": {
    "accuracy": 0.9824561403508771,
    "balanced_accuracy": 0.9761904761904762,
    "macro_precision": 0.9864864864864865,
    "macro_recall": 0.9761904761904762,
    "macro_f1": 0.9809555629802873,
    "weighted_precision": 0.9829302987197724,
    "weighted_recall": 0.9824561403508771,
    "weighted_f1": 0.9823623542652152
  },
  "per_class": {
    "benign": {
      "precision": 0.972972972972973,
      "recall": 1.0,
      "f1-score": 0.9863013698630136,
      "support": 72.0
    },
    "malignant": {
      "precision": 1.0,
      "recall": 0.9523809523809523,
      "f1-score": 0.975609756097561,
      "support": 42.0
    },
    "accuracy": 0.9824561403508771,
    "macro avg": {
      "precision": 0.9864864864864865,
      "recall": 0.9761904761904762,
      "f1-score": 0.9809555629802873,
      "support": 114.0
    },
    "weighted avg": {
      "precision": 0.9829302987197724,
      "recall": 0.9824561403508771,
      "f1-score": 0.9823623542652152,
      "support": 114.0
    }
  },
  "false_positive_counts": {
    "benign": 2,
    "malignant": 0
  },
  "false_negative_counts": {
    "benign": 0,
    "malignant": 2
  },
  "binary_error_terms": {
    "positive_label": "malignant",
    "false_positive_type_i_error": 0,
    "false_negative_type_ii_error": 2
  },
  "most_confused_class_pairs": []
}