{
  "overall_metrics": {
    "accuracy": 0.8688524590163934,
    "balanced_accuracy": 0.8706709956709957,
    "macro_precision": 0.8682795698924731,
    "macro_recall": 0.8706709956709957,
    "macro_f1": 0.8685344827586207,
    "weighted_precision": 0.8711440155120748,
    "weighted_recall": 0.8688524590163934,
    "weighted_f1": 0.8690644431882419
  },
  "per_class": {
    "0.0": {
      "precision": 0.9032258064516129,
      "recall": 0.8484848484848485,
      "f1-score": 0.875,
      "support": 33.0
    },
    "1.0": {
      "precision": 0.8333333333333334,
      "recall": 0.8928571428571429,
      "f1-score": 0.8620689655172413,
      "support": 28.0
    },
    "accuracy": 0.8688524590163934,
    "macro avg": {
      "precision": 0.8682795698924731,
      "recall": 0.8706709956709957,
      "f1-score": 0.8685344827586207,
      "support": 61.0
    },
    "weighted avg": {
      "precision": 0.8711440155120748,
      "recall": 0.8688524590163934,
      "f1-score": 0.8690644431882419,
      "support": 61.0
    }
  },
  "false_positive_counts": {
    "0.0": 3,
    "1.0": 5
  },
  "false_negative_counts": {
    "0.0": 5,
    "1.0": 3
  },
  "binary_error_terms": {
    "positive_label": "1.0",
    "false_positive_type_i_error": 5,
    "false_negative_type_ii_error": 3
  },
  "most_confused_class_pairs": []
}