{
  "accuracy": 0.8688524590163934,
  "balanced_accuracy": 0.8706709956709957,
  "macro_precision": 0.8682795698924731,
  "macro_recall": 0.8706709956709957,
  "macro_f1": 0.8685344827586207,
  "weighted_precision": 0.8711440155120748,
  "weighted_recall": 0.8688524590163934,
  "weighted_f1": 0.8690644431882419,
  "test_sample_count": 61,
  "accuracy_correct_count": 53,
  "accuracy_wilson_95_low": 0.7619811980700654,
  "accuracy_wilson_95_high": 0.932019227250999,
  "macro_f1_bootstrap_95_low": 0.7687853535353535,
  "macro_f1_bootstrap_95_high": 0.9494739124317879
}