{
  "accuracy": 0.8524590163934426,
  "balanced_accuracy": 0.8555194805194806,
  "macro_precision": 0.853225806451613,
  "macro_recall": 0.8555194805194806,
  "macro_f1": 0.8523002421307506,
  "weighted_precision": 0.8570597567424643,
  "weighted_recall": 0.8524590163934426,
  "weighted_f1": 0.8526971777874807,
  "test_sample_count": 61,
  "accuracy_correct_count": 52,
  "accuracy_wilson_95_low": 0.742767647052789,
  "accuracy_wilson_95_high": 0.9203883149206723,
  "macro_f1_bootstrap_95_low": 0.7538337368845843,
  "macro_f1_bootstrap_95_high": 0.9342672413793103
}