{
  "overall_metrics": {
    "accuracy": 0.9166666666666666,
    "balanced_accuracy": 0.9206349206349206,
    "macro_precision": 0.9155844155844156,
    "macro_recall": 0.9206349206349206,
    "macro_f1": 0.916839199447895,
    "weighted_precision": 0.9166666666666666,
    "weighted_recall": 0.9166666666666666,
    "weighted_f1": 0.9155164481251438
  },
  "per_class": {
    "class_0": {
      "precision": 0.9090909090909091,
      "recall": 0.8333333333333334,
      "f1-score": 0.8695652173913043,
      "support": 12.0
    },
    "class_1": {
      "precision": 0.9285714285714286,
      "recall": 0.9285714285714286,
      "f1-score": 0.9285714285714286,
      "support": 14.0
    },
    "class_2": {
      "precision": 0.9090909090909091,
      "recall": 1.0,
      "f1-score": 0.9523809523809523,
      "support": 10.0
    },
    "accuracy": 0.9166666666666666,
    "macro avg": {
      "precision": 0.9155844155844156,
      "recall": 0.9206349206349206,
      "f1-score": 0.916839199447895,
      "support": 36.0
    },
    "weighted avg": {
      "precision": 0.9166666666666666,
      "recall": 0.9166666666666666,
      "f1-score": 0.9155164481251438,
      "support": 36.0
    }
  },
  "false_positive_counts": {
    "class_0": 1,
    "class_1": 1,
    "class_2": 1
  },
  "false_negative_counts": {
    "class_0": 2,
    "class_1": 1,
    "class_2": 0
  },
  "binary_error_terms": null,
  "most_confused_class_pairs": [
    {
      "actual": "class_0",
      "predicted": "class_1",
      "count": 1
    },
    {
      "actual": "class_0",
      "predicted": "class_2",
      "count": 1
    },
    {
      "actual": "class_1",
      "predicted": "class_0",
      "count": 1
    }
  ]
}