{
  "accuracy": 0.9166666666666666,
  "balanced_accuracy": 0.9206349206349206,
  "macro_precision": 0.9155844155844156,
  "macro_recall": 0.9206349206349206,
  "macro_f1": 0.916839199447895,
  "weighted_precision": 0.9166666666666666,
  "weighted_recall": 0.9166666666666666,
  "weighted_f1": 0.9155164481251438
}