{
  "accuracy": 0.819672131147541,
  "balanced_accuracy": 0.827922077922078,
  "macro_precision": 0.832967032967033,
  "macro_recall": 0.827922077922078,
  "macro_f1": 0.8194780737153619,
  "weighted_precision": 0.8403530895334175,
  "weighted_recall": 0.819672131147541,
  "weighted_f1": 0.818992930134914
}