{
  "gpu_available": true,
  "gpu_error_message": null,
  "phase_summaries": {
    "preprocessing": {
      "duration_seconds": 0.0279586209981062,
      "peak_cpu_percent": 1252.3,
      "average_cpu_percent": 626.15,
      "peak_ram_mb": 212.3828125,
      "average_ram_mb": 210.8515625,
      "peak_system_ram_percent": 16.6,
      "average_system_ram_percent": 16.6,
      "peak_gpu_memory_mb": 2327.81640625,
      "average_gpu_utilization_percent": 2.0,
      "sample_count": 2
    },
    "classical_svm_grid_search": {
      "duration_seconds": 6.199020805001055,
      "peak_cpu_percent": 459.8,
      "average_cpu_percent": 153.65714285714287,
      "peak_ram_mb": 233.1640625,
      "average_ram_mb": 229.5078125,
      "peak_system_ram_percent": 16.8,
      "average_system_ram_percent": 16.714285714285715,
      "peak_gpu_memory_mb": 2327.81640625,
      "average_gpu_utilization_percent": 0.14285714285714285,
      "sample_count": 7
    },
    "classical_svm_final_training": {
      "duration_seconds": 0.006441003999498207,
      "peak_cpu_percent": 0.0,
      "average_cpu_percent": 0.0,
      "peak_ram_mb": 233.3828125,
      "average_ram_mb": 233.3828125,
      "peak_system_ram_percent": 16.8,
      "average_system_ram_percent": 16.8,
      "peak_gpu_memory_mb": 2327.81640625,
      "average_gpu_utilization_percent": 0.0,
      "sample_count": 2
    },
    "final_evaluation": {
      "duration_seconds": 213.76033943199945,
      "peak_cpu_percent": 102.0,
      "average_cpu_percent": 98.5391089108911,
      "peak_ram_mb": 571.04296875,
      "average_ram_mb": 567.6997988861386,
      "peak_system_ram_percent": 18.3,
      "average_system_ram_percent": 18.245544554455446,
      "peak_gpu_memory_mb": 2772.34375,
      "average_gpu_utilization_percent": 26.628712871287128,
      "sample_count": 202
    },
    "qsvm_optuna_search": {
      "duration_seconds": 5896.304213644002,
      "peak_cpu_percent": 376.9,
      "average_cpu_percent": 102.4968042366691,
      "peak_ram_mb": 566.23046875,
      "average_ram_mb": 564.802122329255,
      "peak_system_ram_percent": 18.3,
      "average_system_ram_percent": 18.206300219138054,
      "peak_gpu_memory_mb": 2517.3046875,
      "average_gpu_utilization_percent": 21.407779401022644,
      "sample_count": 5476
    },
    "qsvm_confirmation_phase": {
      "duration_seconds": 6033.012815665003,
      "peak_cpu_percent": 4024.7,
      "average_cpu_percent": 105.20753840657379,
      "peak_ram_mb": 570.16796875,
      "average_ram_mb": 568.1558438839764,
      "peak_system_ram_percent": 18.3,
      "average_system_ram_percent": 18.231261164701678,
      "peak_gpu_memory_mb": 2955.828125,
      "average_gpu_utilization_percent": 23.069131832797428,
      "sample_count": 5598
    },
    "qsvm_final_training": {
      "duration_seconds": 419.25196788700123,
      "peak_cpu_percent": 102.5,
      "average_cpu_percent": 99.775,
      "peak_ram_mb": 571.04296875,
      "average_ram_mb": 570.8225446428571,
      "peak_system_ram_percent": 18.3,
      "average_system_ram_percent": 18.25076530612245,
      "peak_gpu_memory_mb": 2773.28125,
      "average_gpu_utilization_percent": 27.232142857142858,
      "sample_count": 392
    }
  },
  "warnings": [
    "preprocessing: CPU saturation likely occurred.",
    "preprocessing: GPU was available but mostly idle.",
    "classical_svm_grid_search: CPU saturation likely occurred.",
    "classical_svm_grid_search: GPU was available but mostly idle.",
    "classical_svm_final_training: GPU was available but mostly idle.",
    "final_evaluation: CPU saturation likely occurred.",
    "qsvm_optuna_search: CPU saturation likely occurred.",
    "qsvm_confirmation_phase: CPU saturation likely occurred.",
    "qsvm_final_training: CPU saturation likely occurred."
  ]
}