{
  "status": "completed",
  "best_confirmed_params": {
    "feature_map_type": "PauliFeatureMap",
    "reps": 1,
    "entanglement": "linear",
    "paulis": [
      "Z"
    ]
  },
  "quantum_feature_count": 4,
  "max_qsvm_samples": null,
  "test_metrics": {
    "accuracy": 0.5901639344262295,
    "balanced_accuracy": 0.2995670995670996,
    "macro_precision": 0.25756756756756755,
    "macro_recall": 0.2995670995670996,
    "macro_f1": 0.27637559371574716,
    "weighted_precision": 0.5212893221089943,
    "weighted_recall": 0.5901639344262295,
    "weighted_f1": 0.5531999257293795
  }
}