{
  "reduction_method": "PCA",
  "quantum_feature_count": 4,
  "explained_variance_ratio": [
    0.24304934282949153,
    0.12406658642038165,
    0.09584166807557586,
    0.08605692237926074
  ],
  "pca_component_count": 4,
  "components": [
    [
      -0.28091623702404,
      -0.12115442210363436,
      -0.2763583003637201,
      -0.17755497072943904,
      -0.06129283642955048,
      -0.09538399482419542,
      -0.13290615893219748,
      0.39437437374798895,
      -0.32715708112849173,
      -0.3935900857688067,
      -0.36697772294026654,
      -0.2935103980124117,
      -0.36012771308115427
    ],
    [
      -0.407991605485753,
      0.46227430736522707,
      0.1218254995768849,
      -0.35521460935264304,
      -0.4611618275955449,
      -0.2074017135354579,
      -0.24662000136887458,
      -0.05217578475417134,
      0.241257625993953,
      0.06040332485285302,
      0.06550806638618997,
      -0.2049755255700556,
      0.22679710615867466
    ],
    [
      -0.017908523771149078,
      0.4308202409566395,
      -0.4402606767147915,
      0.4068141553453761,
      -0.2411168709079697,
      0.513654580925708,
      0.057283928458771005,
      0.2630274689596118,
      -0.12703545049820242,
      0.05197452969649881,
      0.01690793032454148,
      0.021880739061159588,
      0.20173921336245917
    ],
    [
      0.028349449971928366,
      -0.2662884066457969,
      -0.37174033870367035,
      0.07810113863033297,
      -0.26017021590931383,
      -0.24551526554168981,
      -0.013188428722905293,
      -0.08680868694940908,
      -0.20532489530422124,
      0.40722069551777207,
      0.5393816628240342,
      -0.3240129566073129,
      -0.21075145201206003
    ]
  ],
  "input_feature_names": [
    "numeric__age",
    "numeric__sex",
    "numeric__cp",
    "numeric__trestbps",
    "numeric__chol",
    "numeric__fbs",
    "numeric__restecg",
    "numeric__thalach",
    "numeric__exang",
    "numeric__oldpeak",
    "numeric__slope",
    "numeric__ca",
    "numeric__thal"
  ]
}