,sum_sq,df,F,PR(>F)
C(reps),0.11432383048151108,1.0,34.05129246881161,0.00011328409748858751
C(entanglement),0.0013695156908175412,1.0,0.4079095244818312,0.5361038625436177
C(paulis),1.934470451513938e-06,1.0,0.0005761810012780154,0.9812795118502551
Residual,0.03693140683128116,11.0,,
