,sum_sq,df,F,PR(>F)
C(reps),0.0010383016330616649,2.0,0.8804673650969883,0.44441714098419416
C(entanglement),0.0023944240243375698,1.0,4.060885863035564,0.07155555211758025
C(paulis),0.0025283363267392086,2.0,2.1439989621502016,0.16793573049968494
Residual,0.005896309586371155,10.0,,
