{
  "reduction_method": "PCA",
  "quantum_feature_count": 4,
  "explained_variance_ratio": [
    0.4459352220227063,
    0.18545255453685294,
    0.09584641206459546,
    0.0659376824923361
  ],
  "pca_component_count": 4,
  "components": [
    [
      0.21705743069068237,
      0.1018997279002725,
      0.22580437565786554,
      0.21907868104667114,
      0.1485884158541769,
      0.24192827136973452,
      0.25776137065922455,
      0.2603828139114653,
      0.14208625570966268,
      0.07159264283528104,
      0.20469120369543198,
      0.020209485359036536,
      0.2100705287903869,
      0.19992631408658615,
      0.02316459957775276,
      0.17533893994799235,
      0.1507961740655522,
      0.1844827319203686,
      0.05039776139541491,
      0.10699963140861415,
      0.22660729119613518,
      0.10417565959217263,
      0.2354938152573131,
      0.22310803689828884,
      0.12996779186902258,
      0.2103014913420657,
      0.22632193931411446,
      0.24936697384083334,
      0.12296447803645913,
      0.13351317906595705
    ],
    [
      -0.2397758998935213,
      -0.06153336351560226,
      -0.22094887560803805,
      -0.23692514696173636,
      0.1770625353893929,
      0.13992119148437945,
      0.06008892184681752,
      -0.0405327434340763,
      0.19361157274559498,
      0.36664780162053917,
      -0.11026991377376223,
      0.0758423303005778,
      -0.09441536338731175,
      -0.15713007049551464,
      0.1905345930111412,
      0.22403528051416885,
      0.20201866864845183,
      0.13331258663107848,
      0.17413218291728433,
      0.27620347835983744,
      -0.22308315456142266,
      -0.047070463808373125,
      -0.20236482896809366,
      -0.22373376683864613,
      0.1689818213346255,
      0.14221728476314416,
      0.10454670504055254,
      -0.0065247426497590435,
      0.1507724591548101,
      0.27747054378077374
    ],
    [
      -0.00831060655401345,
      0.04262203966978434,
      -0.00868232367249728,
      0.026773669570854978,
      -0.12374661312782942,
      -0.072389820030048,
      0.006243517267758085,
      -0.033120114933039776,
      -0.03152647360235729,
      -0.024754370219514255,
      0.2616008556105177,
      0.3652493849039931,
      0.26028713646609253,
      0.21208820296291123,
      0.2969970929803048,
      0.16910456321652748,
      0.19578318707123513,
      0.22836335919049636,
      0.29518127691422036,
      0.22418006571843363,
      -0.05176539250300965,
      -0.06500565369198813,
      -0.051920389736810485,
      -0.01846308902227501,
      -0.2734054863863195,
      -0.23202283754810485,
      -0.16684000826218,
      -0.1737764071973316,
      -0.25822734152094373,
      -0.227018697122743
    ],
    [
      0.034019301539179536,
      -0.6045671549611107,
      0.034811374390206484,
      0.04975997918033758,
      0.17231940319902175,
      0.02691898907042879,
      0.01877235042251918,
      0.06659668372226242,
      0.06025879611838393,
      0.04772760225720518,
      0.1018232909622017,
      -0.36544532678323505,
      0.0917718273890372,
      0.11534875225147692,
      0.05155894776986455,
      -0.03839865224887621,
      -0.008924284475783239,
      0.05039675467923246,
      0.052283728639648704,
      -0.006080429895931496,
      0.014340479677699337,
      -0.6253073793422258,
      0.01182134953267598,
      0.028554168304243656,
      0.04610613052900183,
      -0.08694261978141174,
      -0.0707202788450625,
      0.012277822915791041,
      -0.023137280336386443,
      -0.07633745413316403
    ]
  ],
  "input_feature_names": [
    "numeric__mean radius",
    "numeric__mean texture",
    "numeric__mean perimeter",
    "numeric__mean area",
    "numeric__mean smoothness",
    "numeric__mean compactness",
    "numeric__mean concavity",
    "numeric__mean concave points",
    "numeric__mean symmetry",
    "numeric__mean fractal dimension",
    "numeric__radius error",
    "numeric__texture error",
    "numeric__perimeter error",
    "numeric__area error",
    "numeric__smoothness error",
    "numeric__compactness error",
    "numeric__concavity error",
    "numeric__concave points error",
    "numeric__symmetry error",
    "numeric__fractal dimension error",
    "numeric__worst radius",
    "numeric__worst texture",
    "numeric__worst perimeter",
    "numeric__worst area",
    "numeric__worst smoothness",
    "numeric__worst compactness",
    "numeric__worst concavity",
    "numeric__worst concave points",
    "numeric__worst symmetry",
    "numeric__worst fractal dimension"
  ]
}