{
  "overall_metrics": {
    "accuracy": 0.819672131147541,
    "balanced_accuracy": 0.8062770562770563,
    "macro_precision": 0.8546365914786966,
    "macro_recall": 0.8062770562770563,
    "macro_f1": 0.809645390070922,
    "weighted_precision": 0.847035621841489,
    "weighted_recall": 0.819672131147541,
    "weighted_f1": 0.8132263690268574
  },
  "per_class": {
    "0.0": {
      "precision": 0.9473684210526315,
      "recall": 0.6428571428571429,
      "f1-score": 0.7659574468085106,
      "support": 28.0
    },
    "1.0": {
      "precision": 0.7619047619047619,
      "recall": 0.9696969696969697,
      "f1-score": 0.8533333333333334,
      "support": 33.0
    },
    "accuracy": 0.819672131147541,
    "macro avg": {
      "precision": 0.8546365914786966,
      "recall": 0.8062770562770563,
      "f1-score": 0.809645390070922,
      "support": 61.0
    },
    "weighted avg": {
      "precision": 0.847035621841489,
      "recall": 0.819672131147541,
      "f1-score": 0.8132263690268574,
      "support": 61.0
    }
  },
  "false_positive_counts": {
    "0.0": 1,
    "1.0": 10
  },
  "false_negative_counts": {
    "0.0": 10,
    "1.0": 1
  },
  "binary_error_terms": {
    "positive_label": "1.0",
    "false_positive_type_i_error": 10,
    "false_negative_type_ii_error": 1
  },
  "most_confused_class_pairs": []
}